Employee ID,Name,Email
1,Ricky Baker,rickybaker@company.com
2,Ashley Nguyen,ashleynguyen@company.com
3,Danielle Summers,daniellesummers@company.com
4,Samantha Horton,samanthahorton@company.com
5,Paige Jones,paigejones@company.com
6,Tara Peck,tarapeck@company.com
7,Jennifer Sanchez,jennifersanchez@company.com
8,Mark Lindsey,marklindsey@company.com
9,Taylor Mason,taylormason@company.com
10,Karen Beasley,karenbeasley@company.com
11,Robin Edwards,robinedwards@company.com
12,Ashley Collins,ashleycollins@company.com
13,Patricia Escobar,patriciaescobar@company.com
14,Thomas Murray,thomasmurray@company.com
15,Bradley Todd,bradleytodd@company.com
16,Christopher Reeves,christopherreeves@company.com
17,Stephen Frey,stephenfrey@company.com
18,Samantha Graham,samanthagraham@company.com
19,Jeffrey Williams,jeffreywilliams@company.com
20,Amber Taylor,ambertaylor@company.com
21,James Brown,jamesbrown@company.com
22,Rhonda Harris,rhondaharris@company.com
23,Mark Jenkins,markjenkins@company.com
24,Thomas Campos,thomascampos@company.com
25,Richard Moore,richardmoore@company.com
26,Sarah Abbott,sarahabbott@company.com
27,Benjamin Lara,benjaminlara@company.com
28,Angela Durham,angeladurham@company.com
29,Amber Horton,amberhorton@company.com
30,Matthew Hunt,matthewhunt@company.com
